text,label
随着人工智能技术的不断发展,自然语言处理已经成为研究热点。,1
在日常生活中,我们经常使用各种智能设备帮助处理任务。,1
深度学习模型通过大量数据训练,可以实现文本分类与生成。,1
人工智能在医疗、金融、教育等领域都有广泛应用。,1
文本生成技术可以快速生成文章、报告和对话内容。,1
大语言模型通过神经网络结构模拟人类语言表达能力。,1
自然语言处理技术包括分词、句法分析、语义理解等模块。,1
AI生成的文本通常结构清晰,逻辑连贯,表达规范。,1
神经网络模型通过反向传播算法不断优化预测结果。,1
人工智能技术正在逐步改变传统行业的工作模式。,1
自动化内容生成可以提高效率,降低人力成本。,1
预训练语言模型在各类NLP任务中都取得了优异效果。,1
AI检测模型可以判断文本是否由机器自动生成。,1
大规模语料库是训练高质量语言模型的基础支撑。,1
语言模型通过注意力机制提升文本生成的流畅度。,1
人工智能伦理问题逐渐受到社会各界的广泛关注。,1
模型优化需要调整参数、提升泛化能力与鲁棒性。,1
自然语言生成技术可应用于客服、写作、创作等场景。,1
深度学习框架如PyTorch和TensorFlow支持模型快速搭建。,1
AI生成文本检测是信息安全领域的重要研究方向。,1
预训练加微调是目前NLP模型最主流的训练方式。,1
语言模型的发展让文本生成质量越来越接近人类。,1
模型性能评估主要看准确率、召回率和F1值。,1
人工智能技术不断突破,未来发展潜力巨大。,1
文本分类任务是自然语言处理的基础研究方向。,1
神经网络层数越多,模型表达能力通常越强。,1
大规模数据与强大算力支撑了大模型的快速发展。,1
AI技术在内容审核领域具有重要应用价值。,1
自然语言处理技术让机器能理解并生成人类语言。,1
语言模型训练需要大量文本数据和高性能计算资源。,1
人工智能正在推动社会数字化与智能化转型。,1
文本生成模型可以模仿不同风格的语言表达方式。,1
模型泛化能力决定了其在新数据上的表现效果。,1
AI生成内容在新闻、文案、创作等领域广泛使用。,1
深度学习技术推动了自然语言处理的重大进步。,1
语言模型通过学习语言规律生成合理的文本内容。,1
人工智能系统需要不断优化以提升实用性。,1
文本检测技术可有效识别机器生成的虚假信息。,1
大模型具备强大的小样本学习与迁移学习能力。,1
AI技术发展带来便利同时也伴随新的风险挑战。,1
自然语言处理技术持续进步,应用场景不断扩展。,1
模型训练过程需要合理设置学习率与批次大小。,1
人工智能研究正朝着更通用、更智能的方向发展。,1
文本生成质量受模型结构、数据和算法影响。,1
AI检测系统可帮助辨别信息来源与真实性。,1
深度学习模型具备强大的特征提取与表示能力。,1
语言模型不断迭代升级,效果持续提升。,1
人工智能技术正在重塑各行各业的生态格局。,1
文本数据预处理是模型训练前的重要步骤。,1
AI生成技术让内容创作变得更加高效便捷。,1
我今天早上起床后吃了早饭,然后出门散步。,0
昨天和朋友一起去公园玩,天气特别好。,0
我最近在写毕业论文,进度有点慢。,0
晚上喜欢听音乐放松,感觉很舒服。,0
周末打算回家看看家人,一起吃顿饭。,0
刚才喝了一杯水,现在感觉好多了。,0
电脑有点卡,我需要清理一下垃圾文件。,0
今天食堂的菜还不错,比昨天好吃。,0
我最近在学习深度学习,感觉有点难。,0
窗外的阳光很亮,照得房间特别温暖。,0
我喜欢吃水果,每天都会吃一点补充维生素。,0
最近经常熬夜,白天总是觉得很困。,0
刚才看了一会儿视频,放松一下心情。,0
图书馆人很多,学习氛围特别好。,0
我打算明天早点起床,去跑步锻炼。,0
手机电量不足了,我得赶紧充上电。,0
今天风很大,出门记得多穿一件衣服。,0
我最近在看一本小说,内容很有意思。,0
刚才整理了桌面,现在看起来干净多了。,0
晚上不想吃太多,简单吃点就好。,0
我最近在练习打字,速度比以前快了很多。,0
今天上课老师讲的内容有点难听懂。,0
路边的花开了,看起来特别漂亮。,0
我喜欢喝奶茶,但最近不敢喝太多。,0
刚才和家人打了电话,聊了一会儿家常。,0
今天任务很多,我得抓紧时间完成。,0
宿舍有点乱,等下有空要收拾一下。,0
我最近在学做菜,想学会几道简单的饭。,0
早上有点起不来,总想再多睡一会儿。,0
今天买到了喜欢的零食,特别开心。,0
我最近在练习英语听力,进步很慢。,0
外面有点吵,我把窗户关上安静一点。,0
今天打印了资料,准备开始复习考试。,0
我喜欢安静的环境,更容易集中注意力。,0
刚才丢了垃圾,房间里清新多了。,0
今天走路走多了,脚有点酸。,0
我最近在看纪录片,学到很多新知识。,0
食堂人太多了,排队排了很久。,0
我打算买一本新的笔记本用来记笔记。,0
今天天气有点冷,记得多穿点。,0
我最近睡眠不太好,总是容易醒。,0
刚才下载了一个软件,还不太会用。,0
今天上课回答了问题,老师表扬了我。,0
我喜欢吃泡面,但知道不太健康。,0
路边有很多小吃,闻起来特别香。,0
我最近在整理照片,把旧照片都存起来。,0
今天喝了可乐,感觉很爽但有点腻。,0
我打算周末去超市买点生活用品。,0
刚才写了一会儿作业,感觉有点累。,0
今天看到一只小猫,特别可爱。,0